model,fpr,tpr
Logistic Regression,0.0,0.0
Logistic Regression,0.0005717175715196693,0.009064780013265532
Logistic Regression,0.0010115003188424917,0.019013928808313065
Logistic Regression,0.0016052070277283023,0.027636524430687596
Logistic Regression,0.002264881148712536,0.03625912005306213
Logistic Regression,0.003100468368625899,0.04797700641167367
Logistic Regression,0.0038700881764408383,0.0570417864249392
Logistic Regression,0.004595729709523495,0.06588547424275923
Logistic Regression,0.005145458143677024,0.07207605571523325
Logistic Regression,0.006222925874617939,0.08335175768295379
Logistic Regression,0.006992545682432878,0.09086889232810082
Logistic Regression,0.007740176352881677,0.09750165819146585
Logistic Regression,0.008421839611232051,0.10457660844572186
Logistic Regression,0.00919145941904699,0.11187265089542339
Logistic Regression,0.010049035776326494,0.11961087773601592
Logistic Regression,0.011082525232535128,0.12580145920848995
Logistic Regression,0.011764188490885502,0.13353968604908248
Logistic Regression,0.012621764848165006,0.14061463630333848
Logistic Regression,0.013765199991204345,0.14791067875304
Logistic Regression,0.014490841524287002,0.15609108998452353
Logistic Regression,0.015106537370538953,0.16161839487066107
Logistic Regression,0.015788200628889328,0.1686933451249171
Logistic Regression,0.016513842161971985,0.1742206500110546
Logistic Regression,0.017657277305011324,0.18195887685164713
Logistic Regression,0.018624799349121535,0.19036038027857616
Logistic Regression,0.019504364843767177,0.1967720539464957
Logistic Regression,0.02044989775051125,0.20296263541896972
Logistic Regression,0.02126349583305847,0.20915321689144373
Logistic Regression,0.022494887525562373,0.21423833738669024
Logistic Regression,0.023792246630164698,0.21998673446827327
Logistic Regression,0.024847725223739472,0.2266195003316383
Logistic Regression,0.025683312443652836,0.2325889896086668
Logistic Regression,0.02656287793829848,0.23944284766747734
Logistic Regression,0.027376476020845704,0.24519124474906037
Logistic Regression,0.028387976339688193,0.2504974574397524
Logistic Regression,0.029553400620093675,0.2564669467167809
Logistic Regression,0.030498933526837742,0.2626575281892549
Logistic Regression,0.031290542472018824,0.2690692018571744
Logistic Regression,0.03238999934032588,0.275038691134203
Logistic Regression,0.033709347582294345,0.28078708821578596
Logistic Regression,0.034588913076939995,0.2849878399292505
Logistic Regression,0.03553444598368406,0.2898518682290515
Logistic Regression,0.0366778811267234,0.29604244970152555
Logistic Regression,0.03768938144556589,0.3009064780013265
Logistic Regression,0.0386569034896761,0.30709705947380056
Logistic Regression,0.03955845812168789,0.3119610877736016
Logistic Regression,0.040657914989994944,0.31726730046429363
Logistic Regression,0.041691404446203575,0.3221313287640946
Logistic Regression,0.04283483958924291,0.32743754145478665
Logistic Regression,0.04408822041911296,0.3340703073181517
Logistic Regression,0.04529762297425072,0.33937652000884366
Logistic Regression,0.04626514501836093,0.3446827326995357
Logistic Regression,0.047562504122963256,0.35043112978111873
Logistic Regression,0.048947819777030145,0.35861154101260223
Logistic Regression,0.05086087472788443,0.36435993809418527
Logistic Regression,0.052268179519317455,0.3692239663939863
Logistic Regression,0.053169734151329244,0.3756356400619058
Logistic Regression,0.05424720188227016,0.3811629449480433
Logistic Regression,0.05561052839897091,0.3862480654432899
Logistic Regression,0.05675396354201025,0.39288083130665485
Logistic Regression,0.05763352903665589,0.3981870439973469
Logistic Regression,0.05915077951491963,0.4023877957108114
Logistic Regression,0.06079996481738022,0.40813619279239444
Logistic Regression,0.0620753347846164,0.41322131328764095
Logistic Regression,0.06324075906502188,0.418527525978333
Logistic Regression,0.06438419420806121,0.42383373866902496
Logistic Regression,0.06598940123578952,0.4280344903824895
Logistic Regression,0.06726477120302571,0.43267742648684504
Logistic Regression,0.06818831497240363,0.43820473137298255
Logistic Regression,0.0695076632143721,0.44284766747733806
Logistic Regression,0.0711128702421004,0.44726951138624804
Logistic Regression,0.072608131582998,0.45147026309971255
Logistic Regression,0.07392747982496646,0.4567764757904046
Logistic Regression,0.0752248389295688,0.4609772275038691
Logistic Regression,0.07737977439145062,0.46716780897634314
Logistic Regression,0.07876509004551752,0.47247402166703517
Logistic Regression,0.08006244915011984,0.47733804996683615
Logistic Regression,0.08138179739208831,0.4826442626575282
Logistic Regression,0.08327286320557645,0.4881715675436657
Logistic Regression,0.08483409195857247,0.4941410568206942
Logistic Regression,0.08646128812366691,0.49922617731594077
Logistic Regression,0.08839633221188732,0.5047534822020783
Logistic Regression,0.08969369131648966,0.5100596948927703
Logistic Regression,0.0915407788552455,0.5153659075834623
Logistic Regression,0.09308001847087538,0.5208932124695999
Logistic Regression,0.09523495393275722,0.5250939641830643
Logistic Regression,0.09657629131209183,0.5290736237010834
Logistic Regression,0.09892912901026893,0.5346009285872209
Logistic Regression,0.10027046638960353,0.5390227724961308
Logistic Regression,0.10156782549420586,0.5443289851868229
Logistic Regression,0.10244739098885151,0.5489719212911784
Logistic Regression,0.10407458715394595,0.5538359495909795
Logistic Regression,0.10556984849484355,0.5591421622816715
Logistic Regression,0.10710908811047343,0.5631218217996905
Logistic Regression,0.10867031686346945,0.5671014813177094
Logistic Regression,0.11067132836378829,0.5715233252266195
Logistic Regression,0.11282626382567013,0.575281892549193
Logistic Regression,0.11478329705125669,0.5810302896307761
Logistic Regression,0.11627855839215427,0.5852310413442405
Logistic Regression,0.11759790663412274,0.5896528852531505
Logistic Regression,0.12014864656859511,0.5949590979438426
Logistic Regression,0.12289728873936276,0.5991598496573071
Logistic Regression,0.1250082459265123,0.6031395091753261
Logistic Regression,0.12665743122897288,0.6080035374751271
Logistic Regression,0.12861446445455946,0.6117621047977007
Logistic Regression,0.13074741077907515,0.6157417643157197
Logistic Regression,0.13228665039470502,0.6217112535927481
Logistic Regression,0.13459550981814983,0.6259120053062127
Logistic Regression,0.1368164126921301,0.6301127570196772
Logistic Regression,0.13861952195615365,0.6345346009285873
Logistic Regression,0.14007080502231897,0.6385142604466062
Logistic Regression,0.14218176220946852,0.6429361043555163
Logistic Regression,0.1443586868087165,0.6475790404598718
Logistic Regression,0.14814081843569277,0.6517797921733363
Logistic Regression,0.1498119928755195,0.6568649126685828
Logistic Regression,0.1526046133210194,0.6612867565774928
Logistic Regression,0.15445170085977528,0.6659296926818483
Logistic Regression,0.15671658200848781,0.6701304443953129
Logistic Regression,0.15915737625612947,0.6745522883042229
Logistic Regression,0.16175209446533412,0.6787530400176873
Logistic Regression,0.1639949864766805,0.6833959761220428
Logistic Regression,0.16625986762539305,0.6880389122263985
Logistic Regression,0.16951425995558195,0.692681848330754
Logistic Regression,0.17144930404380238,0.6968826000442184
Logistic Regression,0.17584713151703057,0.701967720539465
Logistic Regression,0.17828792576467226,0.7059473800574839
Logistic Regression,0.18022296985289268,0.709927039575503
Logistic Regression,0.1834553730457154,0.7145699756798585
Logistic Regression,0.186819711062735,0.718770727393323
Logistic Regression,0.19049189700288058,0.7234136634976785
Logistic Regression,0.193988169844097,0.7287198761883705
Logistic Regression,0.1969786925258922,0.7326995357063896
Logistic Regression,0.19972733469665985,0.7366791952244086
Logistic Regression,0.20425709699408492,0.7404377625469821
Logistic Regression,0.2080832068957935,0.7441963298695556
Logistic Regression,0.21259098005585242,0.7488392659739112
Logistic Regression,0.21716472062800976,0.7532611098828211
Logistic Regression,0.2201772324471711,0.7572407694008402
Logistic Regression,0.22409129889834423,0.7609993367234137
Logistic Regression,0.22785144138795435,0.7652000884368781
Logistic Regression,0.23143567077863536,0.7694008401503427
Logistic Regression,0.23506387844404864,0.7736015918638072
Logistic Regression,0.23998944521406426,0.7773601591863807
Logistic Regression,0.2441234030388988,0.7811187265089542
Logistic Regression,0.24816940431426876,0.7848772938315277
Logistic Regression,0.25342480814477647,0.7892991377404378
Logistic Regression,0.25740484200804803,0.7930577050630113
Logistic Regression,0.2614948215581503,0.7972584567764758
Logistic Regression,0.26490313784990216,0.8010170240990493
Logistic Regression,0.2687292477516107,0.8047755914216228
Logistic Regression,0.2729071838511775,0.8087552509396418
Logistic Regression,0.2787343052532049,0.8127349104576609
Logistic Regression,0.2843415352815709,0.8169356621711253
Logistic Regression,0.2877718407106889,0.8209153216891444
Logistic Regression,0.2931591793653935,0.8248949812071634
Logistic Regression,0.29804076786067685,0.8288746407251824
Logistic Regression,0.30729819469182224,0.8332964846340924
Logistic Regression,0.31407084900059373,0.8372761441521114
Logistic Regression,0.32093145985882976,0.8412558036701304
Logistic Regression,0.32528530905732567,0.8452354631881495
Logistic Regression,0.33071662598676255,0.8492151227061685
Logistic Regression,0.33599401895463643,0.852973690028742
Logistic Regression,0.3444378477032346,0.8571744417422065
Logistic Regression,0.3494733601600809,0.8611541012602255
Logistic Regression,0.35793917804604525,0.8651337607782446
Logistic Regression,0.3622490489698089,0.8688923281008181
Logistic Regression,0.37045099720737956,0.8726508954233916
Logistic Regression,0.3773555863403479,0.8770727393323016
Logistic Regression,0.3895595575785562,0.8814945832412115
Logistic Regression,0.39694790773357963,0.8854742427592306
Logistic Regression,0.4053697473448117,0.8892328100818041
Logistic Regression,0.41414341315390196,0.8929913774043776
Logistic Regression,0.4226532093145986,0.8971921291178422
Logistic Regression,0.4296017767222992,0.9011717886358611
Logistic Regression,0.44028849748224375,0.9049303559584346
Logistic Regression,0.45178881632473555,0.9091311076718992
Logistic Regression,0.4590672207929283,0.9131107671899182
Logistic Regression,0.4685885172724674,0.9170904267079372
Logistic Regression,0.47980297732919935,0.9208489940305107
Logistic Regression,0.4888844910614157,0.9246075613530842
Logistic Regression,0.5059260725201751,0.9283661286756577
Logistic Regression,0.5191195549398597,0.9321246959982312
Logistic Regression,0.532730830969501,0.9358832633208047
Logistic Regression,0.5438133562020362,0.9396418306433783
Logistic Regression,0.5581062954900279,0.9434003979659518
Logistic Regression,0.5745981485146338,0.9471589652885253
Logistic Regression,0.5891549574510192,0.9509175326110988
Logistic Regression,0.6004573740572158,0.9546760999336723
Logistic Regression,0.6161796072740067,0.9586557594516913
Logistic Regression,0.6292631440068606,0.9621932345788193
Logistic Regression,0.6464366602898168,0.9659518019013928
Logistic Regression,0.6659190359962178,0.9699314614194119
Logistic Regression,0.6927457835829101,0.9736900287419854
Logistic Regression,0.7159663126415551,0.9774485960645589
Logistic Regression,0.743848538821822,0.9812071633871324
Logistic Regression,0.7777118103656794,0.9849657307097059
Logistic Regression,0.8068034391010841,0.9887242980322795
Logistic Regression,0.8387316665567209,0.992482865354853
Logistic Regression,0.8888668997515228,0.9962414326774265
Logistic Regression,1.0,1.0
Gradient Boosting,0.0,0.0
Gradient Boosting,0.0004837610220551048,0.015918638072076056
Gradient Boosting,0.001055478593574774,0.027636524430687596
Gradient Boosting,0.0016711744398267257,0.03913331859385364
Gradient Boosting,0.002308859423444818,0.04797700641167367
Gradient Boosting,0.002836598720232205,0.059252708379394205
Gradient Boosting,0.0035402511159487214,0.06920185717444174
Gradient Boosting,0.004199925236932955,0.07738226840592527
Gradient Boosting,0.004771642808452625,0.08600486402829981
Gradient Boosting,0.005519273478901423,0.09197435330532833
Gradient Boosting,0.006288893286716362,0.09971258014592085
Gradient Boosting,0.00701453481979902,0.10722971479106788
Gradient Boosting,0.007850122039712382,0.1147468494362149
Gradient Boosting,0.008553774435428898,0.12115852310413443
Gradient Boosting,0.009235437693779273,0.12779128896749944
Gradient Boosting,0.010027046638960353,0.13552951580809197
Gradient Boosting,0.010840644721507576,0.142604466062348
Gradient Boosting,0.01169822107878708,0.148352863143931
Gradient Boosting,0.012709721397629572,0.15609108998452353
Gradient Boosting,0.013501330342810652,0.16382931682511606
Gradient Boosting,0.01424896101325945,0.1702409904930356
Gradient Boosting,0.015106537370538953,0.17621047977006413
Gradient Boosting,0.016030081139916882,0.18217996904709263
Gradient Boosting,0.016997603184027092,0.18792836612867567
Gradient Boosting,0.017657277305011324,0.19478222418748617
Gradient Boosting,0.018580821074389253,0.2014149900508512
Gradient Boosting,0.019416408294302613,0.20760557152332523
Gradient Boosting,0.02007608241528685,0.21445942958213576
Gradient Boosting,0.020823713085735645,0.22175547203183726
Gradient Boosting,0.021747256855113573,0.2270616847225293
Gradient Boosting,0.02284671372342063,0.2334733583904488
Gradient Boosting,0.023726279218066276,0.23988503205836834
Gradient Boosting,0.0246498229874442,0.24563342913995137
Gradient Boosting,0.025595355894188272,0.2533716559805439
Gradient Boosting,0.026628845350396904,0.2582356842803449
Gradient Boosting,0.02805813927919608,0.2639840813619279
Gradient Boosting,0.02867383512544803,0.26884810966172895
Gradient Boosting,0.029619368032192096,0.274154322352421
Gradient Boosting,0.030850759724696,0.2787972584567765
Gradient Boosting,0.03186226004353849,0.2836612867565775
Gradient Boosting,0.03289574949974713,0.289188591642715
Gradient Boosting,0.033841282406491195,0.29471589652885255
Gradient Boosting,0.0348088044506014,0.30046429361043553
Gradient Boosting,0.03571035908261319,0.3059915984965731
Gradient Boosting,0.03694175077511709,0.3124032721644926
Gradient Boosting,0.03797524023132572,0.31770948485518463
Gradient Boosting,0.039140664511731205,0.32323678974132214
Gradient Boosting,0.04013017569320756,0.3281008180411231
Gradient Boosting,0.04129559997361303,0.3336281229272607
Gradient Boosting,0.04237306770455395,0.33937652000884366
Gradient Boosting,0.04331860061129802,0.3453460092858722
Gradient Boosting,0.04408822041911296,0.3521998673446827
Gradient Boosting,0.04529762297425072,0.35640061905814724
Gradient Boosting,0.04729863447456956,0.36148573955339375
Gradient Boosting,0.0484420696176089,0.3672341366349768
Gradient Boosting,0.05000329837060492,0.3734247181074508
Gradient Boosting,0.05132264661257339,0.37873093079814285
Gradient Boosting,0.05253204916771115,0.38425823568428036
Gradient Boosting,0.05367548431075049,0.3900066327658634
Gradient Boosting,0.054818919453789826,0.3948706610656644
Gradient Boosting,0.05600633287156145,0.3995135971700199
Gradient Boosting,0.05717175715196693,0.4061463630333849
Gradient Boosting,0.05833718143237241,0.41012602255140396
Gradient Boosting,0.05954658398751017,0.41653769621932346
Gradient Boosting,0.06044813861952195,0.42051735573734245
Gradient Boosting,0.061767486861490424,0.4253813840371435
Gradient Boosting,0.06348263957604944,0.4311297811187265
Gradient Boosting,0.06460408558172263,0.436657086004864
Gradient Boosting,0.06574752072476196,0.44218439089100153
Gradient Boosting,0.06733073861512413,0.44682732699535704
Gradient Boosting,0.06878202168128944,0.4519124474906036
Gradient Boosting,0.07014534819799019,0.4565553835949591
Gradient Boosting,0.07133276161576181,0.4614194118947601
Gradient Boosting,0.07274006640719484,0.4665045323900066
Gradient Boosting,0.07434527343492314,0.4720318372761442
Gradient Boosting,0.07617037183631287,0.47601149679416316
Gradient Boosting,0.07748972007828132,0.4817598938757462
Gradient Boosting,0.07898498141917892,0.4872871987618837
Gradient Boosting,0.0808980363700332,0.49215122706168474
Gradient Boosting,0.08182158013941113,0.4974574397523767
Gradient Boosting,0.083514743716604,0.5021003758567323
Gradient Boosting,0.08509796160696616,0.5069644041565333
Gradient Boosting,0.08599951623897795,0.5111651558699978
Gradient Boosting,0.08775864722826923,0.5164713685606898
Gradient Boosting,0.08953976735492666,0.5211143046650453
Gradient Boosting,0.09176067022890692,0.5253150563785098
Gradient Boosting,0.09327792070717066,0.5304001768737564
Gradient Boosting,0.09488312773489896,0.5348220207826664
Gradient Boosting,0.09637838907579656,0.5401282334733584
Gradient Boosting,0.09851133540031225,0.5443289851868229
Gradient Boosting,0.10027046638960353,0.5487508290957329
Gradient Boosting,0.10174373859313499,0.552730488613752
Gradient Boosting,0.10312905424720188,0.557594516913553
Gradient Boosting,0.10521802229698529,0.5622374530179085
Gradient Boosting,0.10695516414891044,0.5671014813177094
Gradient Boosting,0.10851639290190646,0.571744417422065
Gradient Boosting,0.11036348044066231,0.576608445721866
Gradient Boosting,0.11194669833102447,0.5821357506080035
Gradient Boosting,0.11394770983134332,0.5865575945169136
Gradient Boosting,0.1153330254854102,0.5914216228167146
Gradient Boosting,0.11742199353519361,0.5976122042891886
Gradient Boosting,0.11887327660135893,0.6033606013707716
Gradient Boosting,0.12054445104118565,0.6071191686933451
Gradient Boosting,0.12300723442619346,0.6108777360159187
Gradient Boosting,0.1251621698880753,0.6152995799248286
Gradient Boosting,0.1267673769158036,0.6201636082246297
Gradient Boosting,0.12905424720188227,0.6254698209153217
Gradient Boosting,0.1304615519933153,0.6296705726287862
Gradient Boosting,0.13272643314202784,0.6334291399513597
Gradient Boosting,0.13448556413131912,0.6396197214238337
Gradient Boosting,0.13609077115904744,0.6433782887464072
Gradient Boosting,0.13945510917606702,0.6484634092416538
Gradient Boosting,0.1424896101325945,0.6520008843687818
Gradient Boosting,0.1449523935176023,0.6562016360822462
Gradient Boosting,0.14710732897948414,0.6608445721866019
Gradient Boosting,0.14950414495239353,0.6650453239000663
Gradient Boosting,0.15102139543065726,0.6694671678089763
Gradient Boosting,0.15366009191459418,0.6736679195224409
Gradient Boosting,0.15731028871737363,0.6776475790404599
Gradient Boosting,0.16021285484970424,0.6814061463630334
Gradient Boosting,0.16386305165248366,0.6867123590537254
Gradient Boosting,0.1668095960595466,0.6913552951580809
Gradient Boosting,0.16931635771928666,0.6959982312624364
Gradient Boosting,0.1725487609121094,0.7004200751713464
Gradient Boosting,0.17534138135760935,0.7043997346893655
Gradient Boosting,0.1774523385447589,0.7092637629891665
Gradient Boosting,0.18149833982012886,0.7136856068980765
Gradient Boosting,0.18389515579303825,0.7176652664160955
Gradient Boosting,0.18677573278800272,0.7220871103250055
Gradient Boosting,0.18912857048617981,0.7262878620384701
Gradient Boosting,0.19346043054730963,0.7302675215564891
Gradient Boosting,0.19741847527321504,0.7349104576608446
Gradient Boosting,0.199903247795589,0.7395533937652001
Gradient Boosting,0.20324559667524242,0.7433119610877736
Gradient Boosting,0.20757745673637223,0.7475127128012381
Gradient Boosting,0.21193130593486817,0.7519345567101481
Gradient Boosting,0.21503177430349407,0.7556931240327216
Gradient Boosting,0.21784638388636013,0.7603360601370771
Gradient Boosting,0.2221122765353915,0.7645368118505417
Gradient Boosting,0.2267519845196473,0.7682953791731152
Gradient Boosting,0.23180948611385976,0.7727172230820252
Gradient Boosting,0.2358334982518636,0.7769179747954897
Gradient Boosting,0.24007740176352882,0.7806765421180633
Gradient Boosting,0.24214438067594607,0.7844351094406368
Gradient Boosting,0.24704795830859555,0.7884147689586558
Gradient Boosting,0.25078611166083953,0.7923944284766747
Gradient Boosting,0.2552059282714339,0.7970373645810302
Gradient Boosting,0.2594718209204653,0.8010170240990493
Gradient Boosting,0.2622644413659652,0.8054388680079593
Gradient Boosting,0.2671680189986147,0.8089763431350874
Gradient Boosting,0.2730611078127405,0.8129560026531063
Gradient Boosting,0.2780306528574884,0.8167145699756798
Gradient Boosting,0.2820766541328584,0.8204731372982533
Gradient Boosting,0.29056446115618884,0.8246738890117179
Gradient Boosting,0.2959957780856257,0.8286535485297369
Gradient Boosting,0.30356004133957826,0.8326332080477559
Gradient Boosting,0.30943114101633795,0.8366128675657749
Gradient Boosting,0.31429074037425514,0.8410347114746849
Gradient Boosting,0.321437210018251,0.8447932787972584
Gradient Boosting,0.326890516085054,0.8485518461198319
Gradient Boosting,0.3350704751852585,0.852531505637851
Gradient Boosting,0.3388306176748686,0.8562900729604245
Gradient Boosting,0.3450315544121204,0.860048640282998
Gradient Boosting,0.3485058381159707,0.8642493919964626
Gradient Boosting,0.3553004815621083,0.8682290515144815
Gradient Boosting,0.3621830815577105,0.872429803227946
Gradient Boosting,0.37086879081733626,0.8766305549414106
Gradient Boosting,0.37632209688413926,0.8803891222639841
Gradient Boosting,0.38063196780790287,0.8845898739774486
Gradient Boosting,0.38575543681421376,0.8883484413000221
Gradient Boosting,0.39301185214504036,0.8918859164271501
Gradient Boosting,0.4001583217890362,0.8958655759451691
Gradient Boosting,0.4061833454273589,0.8998452354631882
Gradient Boosting,0.41209842337885083,0.9036038027857617
Gradient Boosting,0.42370868790817334,0.9075834623037807
Gradient Boosting,0.4323284297557007,0.9115631218217997
Gradient Boosting,0.43738593134991316,0.9151005969489278
Gradient Boosting,0.44692921696681837,0.9188591642715012
Gradient Boosting,0.455285089165952,0.9226177315940747
Gradient Boosting,0.46957802845394375,0.9261552067212028
Gradient Boosting,0.48246366295050247,0.9301348662392217
Gradient Boosting,0.5008465817885964,0.9336723413663498
Gradient Boosting,0.5168546737911471,0.9372098164934778
Gradient Boosting,0.5315654066890956,0.9407472916206058
Gradient Boosting,0.5438353453394024,0.9447269511386248
Gradient Boosting,0.5598874156166853,0.9487066106566439
Gradient Boosting,0.5730369197616377,0.9522440857837718
Gradient Boosting,0.5881654462695428,0.9560026531063454
Gradient Boosting,0.6058667018492865,0.9597612204289189
Gradient Boosting,0.6172570750049475,0.9635197877514924
Gradient Boosting,0.6392242232337225,0.9672783550740659
Gradient Boosting,0.6585746641159267,0.9710369223966394
Gradient Boosting,0.6732853970138751,0.9745743975237674
Gradient Boosting,0.6957802845394375,0.9783329648463409
Gradient Boosting,0.7135694966686457,0.9818704399734689
Gradient Boosting,0.7428590276403456,0.985407915100597
Gradient Boosting,0.771422917078963,0.9891664824231705
Gradient Boosting,0.8347296435560833,0.992925049745744
Gradient Boosting,0.901686566835983,0.996462524872872
Gradient Boosting,1.0,1.0
