vintage,fico_band,ltv_band,loans,default_rate,avg_severity
2006,<620,<=60,553,0.2513562386980108,0.523665305996487
2006,<620,61-70,426,0.3544600938967136,0.5979487647719048
2006,<620,71-80,714,0.3235294117647059,0.6151309692409316
2006,<620,81-90,187,0.4117647058823529,0.46571545751316296
2006,<620,91-95,122,0.3524590163934426,0.37403882519392545
2006,<620,>95,87,0.4942528735632184,0.4695150272362572
2006,620-659,<=60,1044,0.20402298850574713,0.6519016965007378
2006,620-659,61-70,874,0.28489702517162474,0.6646979383635228
2006,620-659,71-80,2443,0.307818256242325,0.6479668747283542
2006,620-659,81-90,622,0.34565916398713825,0.5361592996049961
2006,620-659,91-95,332,0.31626506024096385,0.40456635144417497
2006,620-659,>95,283,0.4098939929328622,0.3340003722687678
2006,660-699,<=60,1737,0.10535405872193437,0.4092529845801361
2006,660-699,61-70,1340,0.20149253731343283,0.6129721719115809
2006,660-699,71-80,4555,0.22590559824368825,0.6034704098649072
2006,660-699,81-90,897,0.26755852842809363,0.5352153697171328
2006,660-699,91-95,461,0.2885032537960954,0.4280912857276321
2006,660-699,>95,283,0.2756183745583039,0.35708497154125535
2006,700-739,<=60,2260,0.0743362831858407,0.4632219637343293
2006,700-739,61-70,1469,0.1456773315180395,0.6102776736294699
2006,700-739,71-80,5487,0.15673409877893202,0.5917398307874078
2006,700-739,81-90,813,0.1943419434194342,0.5366659871724374
2006,700-739,91-95,479,0.1440501043841336,0.3995589958659285
2006,700-739,>95,173,0.23121387283236994,0.5098228546432753
2006,740-779,<=60,2996,0.04238985313751669,0.3885577427208468
2006,740-779,61-70,1772,0.0744920993227991,0.5749058705007211
2006,740-779,71-80,6208,0.09133376288659793,0.5504044841198592
2006,740-779,81-90,709,0.14386459802538787,0.48241776814834647
2006,740-779,91-95,381,0.13385826771653545,0.41275177544124886
2006,740-779,>95,156,0.1346153846153846,0.22154993256013128
2006,780+,<=60,3828,0.014367816091954023,0.5043092044387972
2006,780+,61-70,1377,0.034858387799564274,0.540404030443966
2006,780+,71-80,4207,0.055383884002852386,0.5431886779688775
2006,780+,81-90,391,0.0792838874680307,0.5416889501357585
2006,780+,91-95,216,0.07407407407407407,0.426177612777902
2006,780+,>95,63,0.09523809523809523,0.26305201158211605
2007,<620,<=60,544,0.3069852941176471,0.6188557950488132
2007,<620,61-70,404,0.40594059405940597,0.6702335017232682
2007,<620,71-80,699,0.3834048640915594,0.6654890280354153
2007,<620,81-90,235,0.4595744680851064,0.5987631789377422
2007,<620,91-95,158,0.4620253164556962,0.4279615298577582
2007,<620,>95,123,0.4796747967479675,0.3095809047329303
2007,620-659,<=60,860,0.2127906976744186,0.5981176495334191
2007,620-659,61-70,755,0.32317880794701986,0.6378423544932802
2007,620-659,71-80,2022,0.3303659742828882,0.6548908777900774
2007,620-659,81-90,731,0.4117647058823529,0.5405349704938445
2007,620-659,91-95,515,0.37087378640776697,0.34926745362255945
2007,620-659,>95,387,0.4418604651162791,0.3847456797174598
2007,660-699,<=60,1520,0.12894736842105264,0.5838283234676077
2007,660-699,61-70,1232,0.2215909090909091,0.636765500213048
2007,660-699,71-80,3995,0.24555694618272841,0.5930866195811478
2007,660-699,81-90,1219,0.3240360951599672,0.5383482698259833
2007,660-699,91-95,748,0.3449197860962567,0.4084352991604577
2007,660-699,>95,402,0.36069651741293535,0.30156490264906316
2007,700-739,<=60,1953,0.06605222734254992,0.5718113794081919
2007,700-739,61-70,1356,0.14601769911504425,0.614059907208189
2007,700-739,71-80,4986,0.1778981147212194,0.5793334502846805
2007,700-739,81-90,1095,0.27123287671232876,0.48081296013188396
2007,700-739,91-95,728,0.25137362637362637,0.38555015556574646
2007,700-739,>95,344,0.25290697674418605,0.38298511164566457
2007,740-779,<=60,2875,0.035130434782608695,0.46673481119084753
2007,740-779,61-70,1667,0.06898620275944811,0.5148958271739982
2007,740-779,71-80,5731,0.10120397836328739,0.561145807242641
2007,740-779,81-90,1019,0.1560353287536801,0.43763365926295617
2007,740-779,91-95,676,0.14349112426035504,0.338365344642886
2007,740-779,>95,268,0.1828358208955224,0.48028817642181576
2007,780+,<=60,3926,0.011462047885888945,0.3787920149799626
2007,780+,61-70,1529,0.041203400915631135,0.5341691278013012
2007,780+,71-80,4137,0.05293691080493111,0.5407145523558597
2007,780+,81-90,587,0.09028960817717206,0.4160998404500437
2007,780+,91-95,429,0.13286713286713286,0.34067580098154404
2007,780+,>95,106,0.16037735849056603,0.2812503188623604
2008,<620,<=60,284,0.2852112676056338,0.4534352779382745
2008,<620,61-70,231,0.4199134199134199,0.6082662949344443
2008,<620,71-80,261,0.4367816091954023,0.6254233336313707
2008,<620,81-90,38,0.5,0.5057347546641532
2008,620-659,<=60,648,0.1697530864197531,0.601829886264055
2008,620-659,61-70,530,0.24528301886792453,0.5916505154413834
2008,620-659,71-80,1053,0.2905982905982906,0.6605828092751161
2008,620-659,81-90,365,0.3315068493150685,0.4180405282203144
2008,620-659,91-95,243,0.37448559670781895,0.36501987734414215
2008,660-699,<=60,1314,0.0882800608828006,0.59965697115237
2008,660-699,61-70,1057,0.16272469252601704,0.5500617591250877
2008,660-699,71-80,2841,0.17599436818021824,0.6293226559553471
2008,660-699,81-90,1007,0.2413108242303873,0.4402725519537611
2008,660-699,91-95,623,0.2536115569823435,0.3027336923595181
2008,660-699,>95,51,0.23529411764705882,0.2816336021327829
2008,700-739,<=60,2175,0.05425287356321839,0.4140555303761323
2008,700-739,61-70,1353,0.08425720620842572,0.5317992281803045
2008,700-739,71-80,4577,0.11077124754205811,0.5805669051482469
2008,700-739,81-90,1379,0.1791153009427121,0.41492298416615697
2008,700-739,91-95,819,0.16117216117216118,0.2637871738704659
2008,700-739,>95,95,0.16842105263157894,0.1281596100997338
2008,740-779,<=60,3633,0.018717313515001378,0.35078682742972656
2008,740-779,61-70,2182,0.044912923923006415,0.49549905760860186
2008,740-779,71-80,6179,0.0559961158763554,0.5693999939040327
2008,740-779,81-90,1754,0.12086659064994298,0.4241081545397121
2008,740-779,91-95,851,0.08930669800235018,0.2734558602480708
2008,740-779,>95,78,0.10256410256410256,0.15562394597205087
2008,780+,<=60,5230,0.009560229445506692,0.43029877612838424
2008,780+,61-70,2210,0.027149321266968326,0.4706953856538909
2008,780+,71-80,5223,0.02948497032356883,0.4912382394928266
2008,780+,81-90,1090,0.06513761467889909,0.36754974763801745
2008,780+,91-95,519,0.057803468208092484,0.30838993065348663
2015,<620,<=60,109,0.1559633027522936,0.23565556333579593
2015,<620,61-70,70,0.17142857142857143,0.0565302934834704
2015,<620,71-80,56,0.03571428571428571,0.6396480280675723
2015,<620,81-90,60,0.1,0.3737887881969001
2015,<620,>95,49,0.12244897959183673,0.3305101091609051
2015,620-659,<=60,451,0.05543237250554324,
2015,620-659,61-70,295,0.08813559322033898,0.2633086676635479
2015,620-659,71-80,647,0.08809891808346214,0.3208097704554156
2015,620-659,81-90,188,0.13297872340425532,
2015,620-659,91-95,156,0.08974358974358974,0.5061100406495092
2015,620-659,>95,83,0.0963855421686747,0.42835240145654147
2015,660-699,<=60,1167,0.03598971722365039,0.29080923642761486
2015,660-699,61-70,857,0.045507584597432905,0.3321808303526355
2015,660-699,71-80,2242,0.05530776092774309,0.205945812160925
2015,660-699,81-90,750,0.08266666666666667,0.055460614183997774
2015,660-699,91-95,813,0.07257072570725707,0.15293137664038944
2015,660-699,>95,165,0.13333333333333333,0.3186105104963586
2015,700-739,<=60,1580,0.02341772151898734,0.37489696723465127
2015,700-739,61-70,1324,0.022658610271903322,0.09287856745982578
2015,700-739,71-80,4231,0.027416686362562042,0.3258211196919727
2015,700-739,81-90,1253,0.03192338387869114,0.190987582275662
2015,700-739,91-95,1622,0.043773119605425403,0.061995837583944446
2015,700-739,>95,207,0.08695652173913043,0.31107450713219764
2015,740-779,<=60,2587,0.012369540007730962,0.038633394235096055
2015,740-779,61-70,1871,0.013361838588989846,0.20939539289225742
2015,740-779,71-80,6078,0.01563014149391247,0.23287793140980778
2015,740-779,81-90,1810,0.01878453038674033,0.1710026748484362
2015,740-779,91-95,2228,0.027827648114901255,0.021031144125930504
2015,740-779,>95,203,0.059113300492610835,0.3421100008547409
2015,780+,<=60,4479,0.006251395400759098,0.11065324072694259
2015,780+,61-70,2296,0.01088850174216028,0.1361090154449114
2015,780+,71-80,6815,0.007336757153338224,0.06299821787792366
2015,780+,81-90,1531,0.014369693011103853,0.34925054399870786
2015,780+,91-95,1567,0.014039566049776643,0.04449998130868024
2015,780+,>95,142,0.04929577464788732,0.35633100458293177
2019,620-659,<=60,580,0.07758620689655173,0.11847785589115667
2019,620-659,61-70,336,0.13392857142857142,0.10294371822856696
2019,620-659,71-80,558,0.1003584229390681,0.22415899404637038
2019,620-659,81-90,144,0.1527777777777778,0.07943424981550355
2019,620-659,91-95,179,0.1564245810055866,0.30245189996373156
2019,660-699,<=60,1026,0.042884990253411304,
2019,660-699,61-70,787,0.044472681067344345,0.04942365214745768
2019,660-699,71-80,1979,0.05709954522486104,0.24317842069354317
2019,660-699,81-90,697,0.06025824964131994,-0.01676314820358885
2019,660-699,91-95,835,0.08502994011976048,0.06898323536958864
2019,660-699,>95,302,0.08940397350993377,-0.013074238226812418
2019,700-739,<=60,1480,0.01756756756756757,0.10216935492977931
2019,700-739,61-70,1151,0.02432667245873154,
2019,700-739,71-80,4122,0.03153808830664726,0.7692232207494121
2019,700-739,81-90,1530,0.03529411764705882,-0.042203868623522045
2019,700-739,91-95,2045,0.05427872860635697,0.20301795934432335
2019,700-739,>95,739,0.07171853856562922,0.29900088068085096
2019,740-779,<=60,2324,0.014629948364888123,
2019,740-779,61-70,1639,0.019524100061012812,
2019,740-779,71-80,6510,0.017050691244239632,0.04447168291268421
2019,740-779,81-90,2319,0.02112979732643381,
2019,740-779,91-95,2619,0.023673157693776252,-0.0028620178177231545
2019,740-779,>95,770,0.03506493506493506,0.12756770708568596
2019,780+,<=60,3518,0.006822057987492893,
2019,780+,61-70,1664,0.006610576923076923,
2019,780+,71-80,6052,0.00875743555849306,0.18617737059853423
2019,780+,81-90,1798,0.006117908787541713,
2019,780+,91-95,1848,0.010281385281385282,
2019,780+,>95,374,0.026737967914438502,0.24687092794404203
