vintage,crt_tier,loans,pd_rate,lgd,realized_loss,orig_upb,loss_rate_bps
2006,High LTV 81-97 (HQA-style),5739,0.22146715455654295,0.44942019285474416,50900525.19,922903000,551.5262729669315
2006,Low LTV 61-80 (DNA-style),30893,0.15330333732560775,0.5873035928731551,277841722.42,5926733000,468.7940597627732
2006,Outside CRT LTV bands,13368,0.0868491921005386,0.3967812330010194,25638356.32,2089703000,122.68899609178912
2007,High LTV 81-97 (HQA-style),8252,0.26648085312651476,0.43062758778423577,81530018.23,1454677000,560.4681879894987
2007,Low LTV 61-80 (DNA-style),28536,0.1633725820016821,0.5759191096281341,247295273.48,5530634000,447.1372965197118
2007,Outside CRT LTV bands,13212,0.10021192854980321,0.3981636845218692,34342733.19,2143204000,160.24015068094312
2008,High LTV 81-97 (HQA-style),8833,0.16223253707687083,0.313162365898784,44072492.41,1754780000,251.15679692041167
2008,Low LTV 61-80 (DNA-style),27725,0.0938863841298467,0.5449863911417613,114571874.78,5881830000,194.78950391289789
2008,Outside CRT LTV bands,13442,0.04262758518077667,0.384837209533848,9942167.74,2582395000,38.49979472543898
2015,High LTV 81-97 (HQA-style),12243,0.03553050722862044,0.06715008764644242,1090373.53,2775607000,3.9284146855084314
2015,Low LTV 61-80 (DNA-style),26782,0.022440445075050407,0.20432854338670098,1584557.14,6232324000,2.542481969807731
2015,Outside CRT LTV bands,10975,0.021685649202733484,0.2547272678758647,944609.57,2192372000,4.308619020859599
2019,High LTV 81-97 (HQA-style),16224,0.036304240631163706,0.07122958472831913,508406.03,4315974000,1.1779636068243229
2019,Low LTV 61-80 (DNA-style),24829,0.0247694228523098,0.13314357359858509,695835.79,6463833000,1.0765064474902122
2019,Outside CRT LTV bands,8947,0.019447859617748964,0.10216935492977931,118786.04000000001,1948932000,0.6094929941116468
