feature,coef,odds_ratio
cat__state_NV,1.1925904720769502,3.2956073380493045
cat__state_PR,1.1436036100264186,3.1380563455413437
cat__state_FL,1.076948379009329,2.935707202203588
cat__state_AK,-0.9233866292328223,0.39717168763119876
cat__state_AZ,0.8609220000964418,2.3653405328448267
cat__state_NE,-0.8162943779835019,0.4420667554035918
cat__property_type_CP,-0.8160532168631408,0.44217337757364356
num__fico,-0.7205764150245967,0.4864717654936057
cat__state_WY,-0.6783610529406996,0.5074479915912719
cat__property_type_MH,0.589982557483681,1.8039569495749044
cat__state_CA,0.5698251836015281,1.7679579563744967
cat__vintage_2015,-0.5666752830612126,0.5674087797580256
cat__vintage_2019,-0.5511660572726225,0.5762774459420599
cat__state_VT,-0.548828319769561,0.5776262072503034
num__ltv,0.535722127638941,1.7086816831192744
cat__state_NY,0.5215812530557832,1.6846894650070545
cat__purpose_P,-0.49885741180744114,0.6072240705489254
cat__state_IA,-0.49844976242148453,0.6074716555289266
cat__state_SD,-0.4921848178710965,0.6112893781901615
cat__state_HI,0.4807133135190927,1.6172275811520116
cat__state_IN,-0.469758020660392,0.625153524218501
cat__state_KS,-0.45569166264014443,0.6340092957157684
cat__state_WI,-0.43761091208027797,0.64557692017777
cat__state_MT,-0.428357296038634,0.6515785667626055
cat__state_GA,0.41137263719057365,1.5088875194162858
cat__vintage_2007,0.4087844248464225,1.5049872476556307
cat__state_OK,-0.3790023656702918,0.6845439932589744
num__num_borrowers,-0.3701277225986515,0.690646113887424
cat__state_CO,-0.362183753148051,0.6961544355190911
cat__state_NJ,0.3333851794757907,1.3956847840824471
cat__vintage_2006,0.3307180751819631,1.3919673068554004
num__orig_rate,0.3219011818409861,1.3797484250211203
cat__state_KY,-0.31390613514245336,0.7305876014421986
cat__state_RI,0.31233363108620793,1.3666105607452355
cat__state_TX,-0.29115560142524766,0.7473993725620784
cat__state_ID,0.2745682331563748,1.3159623632714792
num__dti,0.2498723187336994,1.283861481162547
cat__state_UT,-0.23937294928151961,0.7871212713124693
cat__first_time_buyer_N,-0.22572303589087472,0.7979390715479859
cat__state_MO,-0.1951768184199812,0.8226891785939785
cat__state_CT,0.18338693945998863,1.2012791404652907
num__orig_term,0.18174834724770517,1.1993123456483485
cat__state_OR,0.17315365759404694,1.1890487974250568
cat__state_NC,-0.16940919374262042,0.8441634063196212
cat__state_MS,0.16533561375077954,1.1797890056884455
cat__purpose_C,0.1604029930893431,1.1739838830669862
cat__occupancy_P,-0.15289869860698702,0.8582166559507995
cat__channel_R,-0.14994764927866588,0.8607530362879295
cat__state_MI,0.14875408255673314,1.1603875945683089
cat__state_ME,-0.14428434250116592,0.8656415743716726
cat__state_SC,-0.14070844188909354,0.8687425637177751
cat__channel_C,-0.13978445687425536,0.8695456397863937
num__missingindicator_num_borrowers,-0.1380773635837204,0.8710313030359804
cat__state_MN,0.1352942471009166,1.144873610534636
cat__state_WV,-0.13527572998079054,0.8734750352264454
cat__occupancy_S,-0.13277768253808991,0.8756597449225977
cat__state_MD,0.1278143655488718,1.136342038885908
cat__state_LA,-0.1250761238397284,0.8824297260887211
cat__state_IL,0.12328824273485656,1.1312104371494336
cat__first_time_buyer_Y,-0.11373564821422717,0.8924938570454889
cat__state_PA,-0.10725905253807344,0.8982929377808181
cat__state_TN,-0.10285429655940868,0.902258426061717
cat__state_NH,0.08782160996296441,1.0917933396008053
cat__property_type_PU,-0.08369829730405268,0.9197086928334283
cat__vintage_2008,0.08311160931304545,1.0866630835006665
cat__channel_B,-0.07938169792759522,0.9236872876255638
cat__state_AR,-0.07917429762679865,0.923878880514384
cat__channel_T,0.07388657308819661,1.0766846735523192
cat__state_MA,-0.07197079826447539,0.9305580693250777
cat__state_DC,0.07123317257091401,1.0738315847501558
num__missingindicator_ltv,-0.061629090704028805,0.9402315627505039
cat__state_ND,0.05894293515082519,1.0607147094881575
cat__state_VA,-0.04935129725780561,0.951846689826052
cat__state_OH,-0.047200964531103375,0.9538956791288333
num__mi_pct,0.046919692318419824,1.048037840210842
cat__first_time_buyer_infrequent_sklearn,0.04423145311280679,1.0452242472996067
cat__purpose_N,0.043227187725962006,1.044175091670072
num__missingindicator_dti,0.0412174424250004,1.0420786730255995
cat__state_AL,-0.039292299569040894,0.9614696309100834
cat__state_DE,-0.033408060672899934,0.9671438256965158
cat__state_infrequent_sklearn,0.030535701519438175,1.0310066978973946
num__orig_upb,0.016401325703346594,1.0165365658064258
cat__property_type_SF,0.01264649861241692,1.012726803745179
cat__state_NM,-0.009574172079500246,0.9904715143863871
cat__occupancy_I,-0.009550849847195671,0.9904946146625107
num__missingindicator_fico,0.006527593167144881,1.0065489443353872
cat__state_WA,0.005927854541588477,1.0059454590397658
cat__property_type_CO,0.0018952270788467375,1.001897024156798
