vintage,state,loans,default_rate,avg_severity
2006,AK,180,0.05555555555555555,0.26662995659738564
2006,AL,694,0.12103746397694524,0.449498001227998
2006,AR,459,0.09368191721132897,0.37454446756337156
2006,AZ,1515,0.26864686468646864,0.5311305605857234
2006,CA,3507,0.21984602224123181,0.5279058693746089
2006,CO,1014,0.07297830374753451,0.37102463868677416
2006,CT,529,0.14933837429111532,0.6052361654737524
2006,DC,83,0.1686746987951807,0.43010084770034746
2006,DE,189,0.10582010582010581,0.534127436251929
2006,FL,3482,0.3095921883974727,0.6488247238757012
2006,GA,1689,0.15926583777383066,0.5017316183759093
2006,GU,8,0.125,
2006,HI,171,0.08771929824561403,0.3206229745345563
2006,IA,482,0.07261410788381743,0.47592493122031154
2006,ID,389,0.15424164524421594,0.4979524091705419
2006,IL,2592,0.1408179012345679,0.687780646363109
2006,IN,1192,0.09815436241610738,0.6021224014450424
2006,KS,450,0.10666666666666667,0.3859264726429568
2006,KY,755,0.08741721854304636,0.46241646071467946
2006,LA,564,0.09397163120567376,0.49417955642731287
2006,MA,1098,0.13114754098360656,0.48229565980889166
2006,MD,1193,0.15255658005029338,0.5542411939765561
2006,ME,260,0.08846153846153847,0.5584581816000934
2006,MI,1858,0.18299246501614638,0.7100082669307577
2006,MN,1205,0.13526970954356846,0.5508801518195544
2006,MO,1378,0.0899854862119013,0.569054459202106
2006,MS,258,0.13178294573643412,0.5119450017425303
2006,MT,195,0.06666666666666667,0.30228897613918093
2006,NC,1812,0.09823399558498896,0.451719425909766
2006,ND,89,0.0449438202247191,
2006,NE,259,0.07335907335907337,0.43414421084173754
2006,NH,345,0.1246376811594203,0.5179935773443176
2006,NJ,1307,0.1660290742157613,0.7589889331460885
2006,NM,391,0.11508951406649616,0.5294009632213581
2006,NV,484,0.33264462809917356,0.5970476592623427
2006,NY,1792,0.12611607142857142,0.6383237864928395
2006,OH,1850,0.14432432432432432,0.653302512575414
2006,OK,560,0.08571428571428572,0.5119798235913788
2006,OR,956,0.10564853556485355,0.4061299780173901
2006,PA,1860,0.1053763440860215,0.5835361636064924
2006,PR,181,0.20441988950276244,0.796827778232951
2006,RI,183,0.20218579234972678,0.6897212844847249
2006,SC,825,0.09818181818181818,0.4628813409160976
2006,SD,138,0.07971014492753623,0.34002008975617576
2006,TN,997,0.11334002006018054,0.35888718910343986
2006,TX,3131,0.07090386458000639,0.24134392774337776
2006,UT,700,0.08,0.31362212081425545
2006,VA,1436,0.11002785515320335,0.38861344954156113
2006,VI,4,0.0,
2006,VT,150,0.05333333333333334,0.47016774227543
2006,WA,1435,0.09965156794425087,0.38049711349587245
2006,WI,1383,0.09616775126536514,0.5515720541121697
2006,WV,229,0.11353711790393013,0.5286673846557945
2006,WY,114,0.05263157894736842,0.38684160499210346
2007,AK,143,0.04895104895104895,0.3191969794165641
2007,AL,686,0.13702623906705538,0.460959446481184
2007,AR,459,0.12854030501089325,0.3900050302087026
2007,AZ,1302,0.3033794162826421,0.5144888649088089
2007,CA,3724,0.22287862513426424,0.4800554510546177
2007,CO,1031,0.09893307468477207,0.29078357289071266
2007,CT,558,0.16129032258064516,0.5530781502007277
2007,DC,96,0.16666666666666666,0.45065676232403107
2007,DE,181,0.13812154696132597,0.5862128395375124
2007,FL,3121,0.35148990708106376,0.6383585648690728
2007,GA,1750,0.21314285714285713,0.477691785980743
2007,GU,18,0.0,
2007,HI,156,0.14743589743589744,0.41653568120294515
2007,IA,520,0.07115384615384615,0.8029483294461146
2007,ID,383,0.16971279373368145,0.4559103262811858
2007,IL,2637,0.16230565036025787,0.6745840602657907
2007,IN,1223,0.12183156173344235,0.6602153099041098
2007,KS,459,0.0915032679738562,0.4439586014203793
2007,KY,736,0.08423913043478261,0.4592849634046635
2007,LA,587,0.14991482112436116,0.507790497249809
2007,MA,1010,0.13960396039603962,0.46783899175082727
2007,MD,1095,0.19269406392694063,0.5819257486253069
2007,ME,224,0.16071428571428573,0.6192947035003433
2007,MI,1711,0.18877849210987727,0.7090102552645003
2007,MN,1138,0.1335676625659051,0.5551446822422349
2007,MO,1306,0.15160796324655437,0.47688383242862575
2007,MS,280,0.19285714285714287,0.40118112340438405
2007,MT,205,0.1073170731707317,0.23511523797888176
2007,NC,2028,0.11686390532544379,0.42244858617329173
2007,ND,110,0.045454545454545456,
2007,NE,275,0.08363636363636363,0.34883965798464744
2007,NH,290,0.12758620689655173,0.42157191728043386
2007,NJ,1371,0.17067833698030635,0.6997111752717382
2007,NM,349,0.14613180515759314,0.4398631134598909
2007,NV,439,0.44874715261959,0.5347358984318342
2007,NY,1859,0.157073695535234,0.7009519194247383
2007,OH,1816,0.12334801762114538,0.717047337884386
2007,OK,588,0.10034013605442177,0.5471990306123375
2007,OR,905,0.14033149171270717,0.4212718167781681
2007,PA,1948,0.12679671457905545,0.5918378656283277
2007,PR,208,0.23076923076923078,0.6445679081334836
2007,RI,158,0.22151898734177214,0.561881884287582
2007,SC,898,0.13028953229398663,0.47888623818154874
2007,SD,125,0.056,0.3544226861602855
2007,TN,1032,0.13565891472868216,0.40885269909485134
2007,TX,3378,0.08703374777975133,0.2667721621872962
2007,UT,752,0.13696808510638298,0.3248175312536545
2007,VA,1371,0.13712618526622902,0.4322313316704036
2007,VI,2,0.0,
2007,VT,165,0.048484848484848485,0.9162377734007862
2007,WA,1527,0.14865749836280287,0.39317727057208257
2007,WI,1322,0.094553706505295,0.6798443126941736
2007,WV,234,0.14102564102564102,0.47775470924739966
2007,WY,111,0.07207207207207207,0.30017119958818705
2008,AK,150,0.02666666666666667,0.30833301257087964
2008,AL,682,0.09970674486803519,0.5065681956310453
2008,AR,368,0.07065217391304347,0.44981384451506423
2008,AZ,1247,0.1507618283881315,0.4592054896907679
2008,CA,5838,0.09249743062692703,0.3695306461547299
2008,CO,1298,0.046224961479198766,0.2544967661154322
2008,CT,525,0.10857142857142857,0.48685384205281873
2008,DC,97,0.09278350515463918,
2008,DE,193,0.08290155440414508,0.7674037798342008
2008,FL,2529,0.18386714116251482,0.5972629221609863
2008,GA,1580,0.1518987341772152,0.4768097073245425
2008,GU,15,0.26666666666666666,
2008,HI,211,0.14218009478672985,0.600728181283562
2008,IA,469,0.04477611940298507,0.3385314225474155
2008,ID,411,0.09245742092457421,0.4036134834101264
2008,IL,2826,0.1040339702760085,0.7656822131963728
2008,IN,1052,0.04847908745247148,0.6124997678320114
2008,KS,432,0.06018518518518518,0.3166301717095369
2008,KY,682,0.06158357771260997,0.4678925225774334
2008,LA,496,0.0907258064516129,0.4876169665948398
2008,MA,1229,0.06346623270951994,0.425327464249019
2008,MD,1104,0.09510869565217392,0.5618390073509316
2008,ME,219,0.1004566210045662,0.5454130599905695
2008,MI,1266,0.10031595576619273,0.7391441437077699
2008,MN,1163,0.0705073086844368,0.4617877798746993
2008,MO,1288,0.06909937888198758,0.5614937470909288
2008,MS,239,0.15481171548117154,0.6638856468042911
2008,MT,210,0.05714285714285714,0.4424892746804002
2008,NC,1860,0.06881720430107527,0.34317942452404315
2008,ND,86,0.023255813953488372,
2008,NE,229,0.034934497816593885,0.34508343810712466
2008,NH,284,0.10211267605633803,0.56784915241069
2008,NJ,1364,0.09750733137829912,0.688040924413671
2008,NM,320,0.09375,0.46609009982951516
2008,NV,475,0.18105263157894738,0.4749292812008987
2008,NY,1780,0.1258426966292135,0.6015529940198207
2008,OH,1357,0.07148120854826824,0.6483884728308397
2008,OK,509,0.0550098231827112,0.39233714666601294
2008,OR,966,0.09006211180124224,0.38042061973721497
2008,PA,1678,0.07568533969010727,0.49615270172944376
2008,PR,144,0.1597222222222222,0.7497429866584815
2008,RI,157,0.10828025477707007,0.4746418148322836
2008,SC,877,0.10490307867730901,0.4270929306115751
2008,SD,110,0.02727272727272727,-0.8765257159255881
2008,TN,898,0.09688195991091314,0.4058262156416009
2008,TX,3112,0.06844473007712082,0.25917875447409916
2008,UT,895,0.07597765363128492,0.34768578494502117
2008,VA,1500,0.08133333333333333,0.4354655920875078
2008,VI,5,0.0,
2008,VT,168,0.03571428571428571,0.5548489057586085
2008,WA,1722,0.0859465737514518,0.4179209514417654
2008,WI,1391,0.04385334291876348,0.5558519340953381
2008,WV,198,0.03535353535353535,0.2539702076822144
2008,WY,96,0.07291666666666667,0.04016206166269231
2015,AK,97,0.030927835051546393,
2015,AL,471,0.040339702760084924,0.18633986142941159
2015,AR,345,0.020289855072463767,0.20011652010614114
2015,AZ,1370,0.01167883211678832,0.03259410896315671
2015,CA,7788,0.019003595274781716,0.1153048318159033
2015,CO,1710,0.013450292397660818,0.060209631243797926
2015,CT,482,0.026970954356846474,0.24982947064601027
2015,DC,147,0.006802721088435374,
2015,DE,131,0.06870229007633588,0.3502836365184443
2015,FL,2973,0.04978136562394887,0.16660789589272654
2015,GA,1472,0.028532608695652172,0.37210340157830984
2015,GU,11,0.09090909090909091,
2015,HI,181,0.027624309392265192,0.2943939975001214
2015,IA,429,0.02097902097902098,0.08616054338287395
2015,ID,314,0.028662420382165606,
2015,IL,2347,0.020877716233489562,0.13965925790501232
2015,IN,1071,0.017740429505135387,0.3044667252314296
2015,KS,456,0.015350877192982455,
2015,KY,565,0.021238938053097345,0.39009450656642214
2015,LA,446,0.06278026905829596,0.49951171428009195
2015,MA,1165,0.02145922746781116,0.32629381193026014
2015,MD,897,0.03121516164994426,0.1701993083223502
2015,ME,178,0.033707865168539325,
2015,MI,1786,0.020156774916013438,0.3889411294253037
2015,MN,1252,0.027156549520766772,0.4020068770277404
2015,MO,994,0.02012072434607646,0.8575577933195061
2015,MS,144,0.041666666666666664,0.4262338803521057
2015,MT,205,0.004878048780487805,
2015,NC,1527,0.020301244269810084,0.029328093645917097
2015,ND,146,0.04794520547945205,0.17854237405277557
2015,NE,249,0.012048192771084338,
2015,NH,252,0.011904761904761904,
2015,NJ,1255,0.031075697211155377,0.2843320144687698
2015,NM,211,0.037914691943127965,0.24771378146613227
2015,NV,508,0.03740157480314961,0.04098114024097846
2015,NY,1623,0.04621072088724584,0.3041832070131873
2015,OH,1566,0.031928480204342274,0.27445306415762943
2015,OK,332,0.05120481927710843,-0.1443381722367826
2015,OR,1043,0.012464046021093002,
2015,PA,1447,0.03455425017277125,0.28809518770400433
2015,PR,4,0.25,
2015,RI,164,0.012195121951219513,0.0565302934834704
2015,SC,735,0.02857142857142857,0.024509469700269553
2015,SD,90,0.03333333333333333,
2015,TN,964,0.016597510373443983,
2015,TX,3445,0.0328011611030479,0.1835302746232212
2015,UT,754,0.011936339522546418,0.29410269115583615
2015,VA,1345,0.016356877323420074,0.1879427706206631
2015,VI,3,0.0,
2015,VT,124,0.024193548387096774,0.5408036013626893
2015,WA,1574,0.014612452350698857,-0.02159297637397208
2015,WI,1000,0.011,0.13240294493399654
2015,WV,115,0.06956521739130435,
2015,WY,97,0.030927835051546393,
2019,AK,98,0.02040816326530612,
2019,AL,532,0.020676691729323307,0.012558148133514241
2019,AR,361,0.019390581717451522,
2019,AZ,1894,0.020591341077085535,-0.3297791489354288
2019,CA,5899,0.02559755890828954,0.18321737257800086
2019,CO,1648,0.01516990291262136,0.2071118534710001
2019,CT,445,0.04044943820224719,
2019,DC,105,0.047619047619047616,
2019,DE,196,0.015306122448979591,
2019,FL,3281,0.03870771106370009,0.11981065004362818
2019,GA,1584,0.028409090909090908,0.08548501983177959
2019,GU,6,0.16666666666666666,
2019,HI,132,0.045454545454545456,
2019,IA,387,0.023255813953488372,0.12756770708568596
2019,ID,409,0.029339853300733496,
2019,IL,2227,0.03502469690166143,0.05550756268485131
2019,IN,1207,0.014913007456503728,0.4997667425857305
2019,KS,384,0.013020833333333334,
2019,KY,673,0.02823179791976226,1.3977614426794087
2019,LA,418,0.03349282296650718,0.10513705734173263
2019,MA,1104,0.024456521739130436,
2019,MD,918,0.03376906318082789,-0.01676314820358885
2019,ME,224,0.013392857142857142,
2019,MI,1849,0.021092482422931314,
2019,MN,1161,0.03186907838070629,0.004962620736902107
2019,MO,1025,0.014634146341463415,0.22639113452280202
2019,MS,193,0.025906735751295335,
2019,MT,167,0.029940119760479042,
2019,NC,1546,0.02069857697283312,
2019,ND,84,0.07142857142857142,
2019,NE,226,0.01327433628318584,
2019,NH,256,0.03125,
2019,NJ,1279,0.03831118060985145,
2019,NM,235,0.02553191489361702,-0.0028620178177231545
2019,NV,726,0.03856749311294766,0.19870547201744343
2019,NY,1443,0.0498960498960499,0.39730282841469167
2019,OH,1830,0.030601092896174863,0.2010646246043608
2019,OK,410,0.024390243902439025,
2019,OR,941,0.025504782146652496,
2019,PA,1392,0.03089080459770115,
2019,PR,7,0.0,
2019,RI,153,0.0196078431372549,
2019,SC,776,0.01675257731958763,
2019,SD,130,0.0,
2019,TN,972,0.024691358024691357,0.04409712297629929
2019,TX,3824,0.032426778242677826,0.16447202244877493
2019,UT,1064,0.019736842105263157,
2019,VA,1353,0.021433850702143386,
2019,VI,1,0.0,
2019,VT,105,0.047619047619047616,
2019,WA,1561,0.023062139654067906,0.03161889154921752
2019,WI,969,0.025799793601651185,
2019,WV,104,0.038461538461538464,0.13844142755273345
2019,WY,86,0.0,
